category,query
amazon device accessories,fire hd 10 tablet case
amazon kindle,kindle
automotive and powersports,automotive wheels
baby products,baby shampoo
beauty,it cosmetics
books,chemistry textbook
camera and photo,fujifilm instax mini film
cell phones and accessories,iphone 11
collectible coins,ngc coins
consumer electronics ,lg tv
entertainment collectibles,harry potter gifts
fine art,african american wall art
grocery and gourmet foods,00 flour
health and personal care,iron supplement
home and garden,queen comforter set
independent design,handmade jewellery
industrial and scientific,pcr machine
kindle accessories and amazon fire tv accessories,pg94wif kindle case
major appliances,dishwasher
music and dvd,kpop album
musical instruments,guitar
office products,expanding file folder
outdoors,tent
personal computers,dell laptop
pet supplies,dog food
software,microsoft windows 10
sports,pull up bar
sports collectibles,fc barcelona jersey 
tools and home improvement,pressure washer
toys and games,play kitchen
"video, dvd and blu-ray",dvd movies
video games,nba 2k
watches,watches for men
